customer_id	age	income	spending_score
2001	35	66259	87
2002	24	48807	81
2003	35	56153	71
2004	38	49453	62
2005	32	49786	78
2006	41	51290	75
2007	25	57666	81
2008	23	49255	78
2009	19	70069	83
2010	39	44265	64
2011	34	52758	86
2012	30	49723	72
2013	32	72364	95
2014	23	57359	62
2015	45	67382	91
2016	31	37173	72
2017	31	58205	62
2018	34	65676	64
2019	33	55987	66
2020	31	67786	75
2021	25	48793	76
2022	33	71912	63
2023	41	82587	70
2024	38	50646	96
2025	40	49654	91
2026	27	72441	75
2027	24	73955	70
2028	29	48726	71
2029	30	49958	77
2030	37	51619	58
2031	20	38867	67
2032	39	43976	50
2033	29	42950	75
2034	27	45786	78
2035	24	54584	64
2036	20	57811	89
2037	35	73606	55
2038	30	43020	52
2039	22	66812	73
2040	22	52432	83
2041	28	54406	90
2042	40	63098	64
2043	28	41527	83
2044	21	59589	70
2045	29	56997	68
2046	28	60909	81
2047	18	58470	78
2048	30	84464	51
2049	29	47347	88
2050	34	48628	87
2051	41	47522	62
2052	37	48334	75
2053	28	47351	76
2054	23	69268	73
2055	45	72046	63
2056	30	48151	62
2057	30	45012	70
2058	30	60657	84
2059	31	48373	77
2060	29	62595	66
2061	27	57435	79
2062	27	36811	66
2063	30	73570	84
2064	27	76551	49
2065	26	47647	66
2066	31	50348	57
2067	28	58430	54
2068	39	59013	84
2069	18	62903	64
2070	37	79122	74
2071	37	52877	69
2072	18	45420	76
2073	28	38448	71
2074	28	46229	55
2075	22	54602	82
2076	25	76535	64
2077	23	48789	51
2078	41	57685	65
2079	36	54803	88
2080	38	69261	80
2081	34	85323	66
2082	23	48630	66
2083	27	49127	66
2084	33	67530	95
2085	23	63183	75
2086	34	77160	75
2087	29	62007	82
2088	28	50688	73
2089	34	62088	67
2090	33	68304	68
2091	28	64846	69
2092	37	61087	70
2093	24	67800	79
2094	34	69032	71
2095	34	71586	79
2096	28	62785	69
2097	32	52995	71
2098	22	56761	46
2099	36	69478	81
2100	29	45197	74
2101	27	59424	82
2102	36	50280	65
2103	26	55345	95
2104	22	70341	68
2105	21	57293	83
2106	34	55557	58
2107	22	38682	77
2108	41	63955	57
2109	18	62746	63
2110	40	80959	93
2111	31	51307	68
2112	29	57630	73
2113	27	57993	80
2114	32	73929	76
2115	30	53856	72
2116	37	58348	74
2117	31	62295	99
2118	31	57239	69
2119	28	49643	72
2120	30	57329	83
2121	32	67884	83
2122	20	42682	84
2123	22	56596	78
2124	34	46599	56
2125	31	69341	90
2126	29	36722	56
2127	30	48293	74
2128	32	59527	61
2129	27	73786	69
2130	25	54211	74
2131	31	48338	74
2132	24	77574	75
2133	32	37624	89
2134	20	28614	75
2135	36	60280	67
2136	33	48975	82
2137	32	42745	84
2138	36	63500	55
2139	40	57926	77
2140	36	48231	78
2141	19	39636	66
2142	22	65469	87
2143	26	62802	68
2144	30	53810	72
2145	33	77160	68
2146	26	42159	70
2147	31	36694	57
2148	25	46697	53
2149	26	54453	89
2150	22	57920	60
2151	24	52105	58
2152	22	59225	44
2153	24	39982	62
2154	36	72325	54
2155	24	54014	90
2156	46	68408	82
2157	33	59113	62
2158	31	60481	97
2159	25	61837	82
2160	34	60373	66
2161	27	62713	40
2162	31	70950	97
2163	45	57358	53
2164	29	63508	50
2165	37	53923	82
2166	26	72281	99
2167	30	46883	87
2168	41	76611	77
2169	26	54518	77
2170	41	37831	80
2171	34	56537	79
2172	27	46827	73
2173	34	65088	71
2174	36	47169	69
2175	34	49646	61
2176	21	32326	67
2177	26	49572	50
2178	29	45913	69
2179	30	35993	58
2180	34	64125	57
2181	31	64430	72
2182	22	60105	87
2183	32	43396	81
2184	34	54427	51
2185	33	54957	58
2186	36	41100	81
2187	35	73041	58
2188	33	65528	67
2189	30	52348	77
2190	20	55323	58
2191	33	57501	71
2192	31	30499	54
2193	32	52034	63
2194	22	46816	74
2195	24	42981	51
2196	36	51627	75
2197	30	76572	70
2198	34	62690	77
2199	30	48146	73
2200	30	61871	86